INSERT INTO Branches VALUES ('B1','Prog1');
INSERT INTO Branches VALUES ('B2','Prog1');
INSERT INTO Branches VALUES ('B1','Prog2');

INSERT INTO Students VALUES (1111111111,'S1','ls1','Prog1');
INSERT INTO Students VALUES (2222222222,'S2','ls2','Prog1');
INSERT INTO Students VALUES (3333333333,'S3','ls3','Prog1');
INSERT INTO Students VALUES (4444444444,'S4','ls4','Prog1');
INSERT INTO Students VALUES (5555555555,'S5','ls5','Prog2');
INSERT INTO Students VALUES (6666666666,'S6','ls6','Prog2');
INSERT INTO Students VALUES (7777777777,'S7','ls7','Prog2');
INSERT INTO Students VALUES (8888888888,'S8','ls8','Prog2');

INSERT INTO Courses VALUES ('CCC111','C1',15,'Dep1');
INSERT INTO Courses VALUES ('CCC222','C2',5, 'Dep1');
INSERT INTO Courses VALUES ('CCC333','C3',10,'Dep1');
INSERT INTO Courses VALUES ('CCC444','C4',30,'Dep2');
INSERT INTO Courses VALUES ('CCC555','C5',10,'Dep2');
INSERT INTO Courses VALUES ('CCC666','C6',10,'Dep2');

INSERT INTO LimitedCourses VALUES ('CCC222',1);
INSERT INTO LimitedCourses VALUES ('CCC333',2);

INSERT INTO Classifications VALUES ('math');
INSERT INTO Classifications VALUES ('research');
INSERT INTO Classifications VALUES ('seminar');

INSERT INTO Classified VALUES ('CCC111','math');
INSERT INTO Classified VALUES ('CCC222','research');
INSERT INTO Classified VALUES ('CCC333','seminar');
INSERT INTO Classified VALUES ('CCC444','math');
INSERT INTO Classified VALUES ('CCC555','research');

INSERT INTO MandatoryProgram VALUES ('CCC111','Prog1');
INSERT INTO MandatoryProgram VALUES ('CCC222','Prog1');
INSERT INTO MandatoryProgram VALUES ('CCC333','Prog2');

INSERT INTO MandatoryBranch VALUES ('CCC444', 'B1', 'Prog1');
INSERT INTO MandatoryBranch VALUES ('CCC555', 'B2', 'Prog1');
INSERT INTO MandatoryBranch VALUES ('CCC555', 'B1', 'Prog2');

INSERT INTO RecommendedBranch VALUES ('CCC555', 'B1', 'Prog1');
INSERT INTO RecommendedBranch VALUES ('CCC444', 'B2', 'Prog1');
INSERT INTO RecommendedBranch VALUES ('CCC666', 'B1', 'Prog2');

INSERT INTO Registered VALUES (2222222222,'CCC444');
INSERT INTO Registered VALUES (5555555555,'CCC555');
INSERT INTO Registered VALUES (6666666666,'CCC333');
INSERT INTO Registered VALUES (3333333333,'CCC222');

INSERT INTO WaitingList VALUES(3333333333,'CCC222',1);
INSERT INTO WaitingList VALUES(3333333333,'CCC333',1);
INSERT INTO WaitingList VALUES(2222222222,'CCC333',2);

INSERT INTO StudentBranches VALUES (2222222222,'B1','Prog1');
INSERT INTO StudentBranches VALUES (3333333333,'B2','Prog1');
INSERT INTO StudentBranches VALUES (4444444444,'B2','Prog1');
INSERT INTO StudentBranches VALUES (5555555555,'B1','Prog2');
INSERT INTO StudentBranches VALUES (6666666666,'B1','Prog2');
INSERT INTO StudentBranches VALUES (7777777777,'B1','Prog2');
INSERT INTO StudentBranches VALUES (8888888888,'B1','Prog2');


INSERT INTO Taken VALUES(1111111111,'CCC111','5');
INSERT INTO Taken VALUES(1111111111,'CCC222','4');
INSERT INTO Taken VALUES(1111111111,'CCC333','3');
INSERT INTO Taken VALUES(1111111111,'CCC444','4');
INSERT INTO Taken VALUES(1111111111,'CCC555','5');
INSERT INTO Taken VALUES(1111111111,'CCC666','5');

INSERT INTO Taken VALUES(2222222222,'CCC111','5');
INSERT INTO Taken VALUES(2222222222,'CCC222','3');
INSERT INTO Taken VALUES(2222222222,'CCC333','5');
INSERT INTO Taken VALUES(2222222222,'CCC555','5');
INSERT INTO Taken VALUES(2222222222,'CCC666','5');

INSERT INTO Taken VALUES(3333333333,'CCC111','4');
INSERT INTO Taken VALUES(3333333333,'CCC333','4');
INSERT INTO Taken VALUES(3333333333,'CCC444','5');
INSERT INTO Taken VALUES(3333333333,'CCC555','5');
INSERT INTO Taken VALUES(3333333333,'CCC666','4');

INSERT INTO Taken VALUES(4444444444,'CCC111','5');
INSERT INTO Taken VALUES(4444444444,'CCC222','5');
INSERT INTO Taken VALUES(4444444444,'CCC333','5');
INSERT INTO Taken VALUES(4444444444,'CCC444','U');
INSERT INTO Taken VALUES(4444444444,'CCC555','5');
INSERT INTO Taken VALUES(4444444444,'CCC666','5');

INSERT INTO Taken VALUES(5555555555,'CCC111','5');
INSERT INTO Taken VALUES(5555555555,'CCC222','5');
INSERT INTO Taken VALUES(5555555555,'CCC333','3');
INSERT INTO Taken VALUES(5555555555,'CCC444','3');
INSERT INTO Taken VALUES(5555555555,'CCC666','4');

INSERT INTO Taken VALUES(6666666666,'CCC111','5');
INSERT INTO Taken VALUES(6666666666,'CCC222','5');
INSERT INTO Taken VALUES(6666666666,'CCC333','U');
INSERT INTO Taken VALUES(6666666666,'CCC444','3');
INSERT INTO Taken VALUES(6666666666,'CCC555','5');
INSERT INTO Taken VALUES(6666666666,'CCC666','3');

INSERT INTO Taken VALUES(7777777777,'CCC111','4');
INSERT INTO Taken VALUES(7777777777,'CCC222','4');
INSERT INTO Taken VALUES(7777777777,'CCC333','4');
INSERT INTO Taken VALUES(7777777777,'CCC444','4');
INSERT INTO Taken VALUES(7777777777,'CCC555','5');

INSERT INTO Taken VALUES(8888888888,'CCC111','5');
INSERT INTO Taken VALUES(8888888888,'CCC222','5');
INSERT INTO Taken VALUES(8888888888,'CCC333','5');
INSERT INTO Taken VALUES(8888888888,'CCC444','5');
INSERT INTO Taken VALUES(8888888888,'CCC555','5');
INSERT INTO Taken VALUES(8888888888,'CCC666','5');


